C26	RED	flag 3: a line's fixes and decision carried from earlier files whatever their bytes (by what the line says)	Tests  2 failed | 53 passed (55)	× F7: the day-one import > a re-run of the same file changes nothing > the same sheet re-exported with one extra line keeps every decision and duplicates nothing 43ms
C27	RED	flag 3: a person's decisions carried by email from every earlier file	Tests  1 failed | 54 passed (55)	× F7: the day-one import > a re-run of the same file changes nothing > the same sheet re-exported with one extra line keeps every decision and duplicates nothing 50ms
C28	RED	flag 3: a possible duplicate of an account already in the system holds its family (duplicate_account)	Tests  1 failed | 54 passed (55)	× F7: the day-one import > a re-run of the same file changes nothing > a child under a new email who is already an account in the system holds the family until staff say which 62ms
C29	RED	flag 3: the money-record fingerprint without the line's position	Tests  2 failed | 53 passed (55)	× F7: the day-one import > the money record (F-01): history only, never a payment > recorded on the students as history; no payment, receipt or balance moves; the same file again adds nothing 115ms
C30	RED	flag 7: a self-study note against an explicit "No" is flagged (self_study_contradiction)	Tests  1 failed | 54 passed (55)	× F7: the day-one import > the note and the self-study answer (review flag 7), and the family's confirmation on a line > a fee note that says self-study against an explicit "No" is read as self-study 
C31	RED	s9: the review refuses a line whose item has no fee row, naming the grid (fee_missing)	Tests  2 failed | 53 passed (55)	× F7: the day-one import > lines in a session, on the offers and items the sheet names, priced from the fee grids (the admin's) > the series is offered its session; mapped there by the admin, each lin
C32	RED	flag 1b on the new model: the shared refusal of an item with no fee row on every path (priceLine, A's)	Tests  3 failed | 57 passed | 1 todo (61)	× V3 flows > an item with no fee row in its series cannot be reserved on any path — the student's request, the parent's direct reservation, the desk — and the refusal names the grid (F7 review flag 1)
C33	RED	s9: a provisional fee row prices the line provisional at its amount, never 0 (priceLine reads provisional rows)	Tests  3 failed | 52 passed (55)	× F7: the day-one import > lines in a session, on the offers and items the sheet names, priced from the fee grids (the admin's) > the series is offered its session; mapped there by the admin, each lin
C34	RED	s9: the sheet's confirmation is the line's consent on the imported channel	Tests  2 failed | 53 passed (55)	× F7: the day-one import > lines in a session, on the offers and items the sheet names, priced from the fee grids (the admin's) > the admin commits: lines through insertLines, priced from the grids, w
C35	RED	s9: a line with no confirmation on the sheet is an error (consent_missing)	Tests  1 failed | 54 passed (55)	× F7: the day-one import > a unit line finds the IAL subject's item; staff choose an item the words cannot tell; the rules on lines are asked in the review > a line whose family's confirmation is not 
C36	RED	the lead's Q2: a sitting from the student's history is the legacy source	Tests  5 failed | 50 passed (55)	× F7: the day-one import > lines in a session, on the offers and items the sheet names, priced from the fee grids (the admin's) > the series is offered its session; mapped there by the admin, each lin
C37	RED	the lead's Q2: a retake that names no sitting is an error (retake_sitting_missing)	Tests  1 failed | 54 passed (55)	× F7: the day-one import > lines in a session, on the offers and items the sheet names, priced from the fee grids (the admin's) > the series is offered its session; mapped there by the admin, each lin
C38	RED	the lead's addition: self-study on a first entry of a taught item is an error, never priced at the share silently	Tests  5 failed | 50 passed (55)	× F7: the day-one import > lines in a session, on the offers and items the sheet names, priced from the fee grids (the admin's) > the series is offered its session; mapped there by the admin, each lin
C39	RED	the student's gate.selfStudyFirstEntry exception lets a first entry in self-study through	Tests  1 failed | 54 passed (55)	× F7: the day-one import > lines in a session, on the offers and items the sheet names, priced from the fee grids (the admin's) > a first entry in self-study is a line once the student has the excepti
C40	RED	the interim rule (MO-25): history is a sitting only if its series had ended when it was committed	Tests  1 failed | 54 passed (55)	× F7: the day-one import > the interim retake rule: imported history is a sitting only if its series had ended when it was committed > committed while November was still running: not a sitting before 
C41	RED	history is a sitting only before the item's series (the same series is the same sitting)	Tests  1 failed | 54 passed (55)	× F7: the day-one import > the interim retake rule: imported history is a sitting only if its series had ended when it was committed > history committed after November ended is still not a sitting for
C42	RED	findOffer: a unit line finds the offer whose item enters the unit it names	Tests  3 failed | 52 passed (55)	× F7: the day-one import > a unit line finds the IAL subject's item; staff choose an item the words cannot tell; the rules on lines are asked in the review > P1 finds the IAL Mathematics offer and its
C43	RED	the review asks the rules on lines as the commit will (assertLineRules, rolled back)	Tests  1 failed | 54 passed (55)	× F7: the day-one import > a unit line finds the IAL subject's item; staff choose an item the words cannot tell; the rules on lines are asked in the review > P1 finds the IAL Mathematics offer and its
C44	RED	the commit holds the student before its lines (assertMayRegisterForInTx), as every reservation path does (s6)	Tests  1 failed | 54 passed (55)	× F7: the day-one import > a unit line finds the IAL subject's item; staff choose an item the words cannot tell; the rules on lines are asked in the review > the import and the desk reserving the same
C45	RED	reserving lines in a session is the admin's (the commit's 403)	Tests  2 failed | 53 passed (55)	× F7: the day-one import > lines in a session, on the offers and items the sheet names, priced from the fee grids (the admin's) > staff settle each line: the self-study answer, the fee row set on the 
C1	RED	the commit claim (re-run on the new base)	Tests  6 failed | 49 passed (55)	× F7: the day-one import > the review, then a commit creating exactly the reviewed rows > the import is committed: nothing more changes it 17ms
C4	RED	the commit module may not touch a payment table (re-run on the new base)	Tests  1 failed | 54 passed (55)	× F7: the day-one import > the money record (F-01): history only, never a payment > the import cannot make a payment: the code that commits it touches no payment, escrow or receipt table 6ms
C5	RED	the coordinator may not map a series to a session (re-run on the new base)	Tests  12 failed | 43 passed (55)	× F7: the day-one import > the review, then a commit creating exactly the reviewed rows > the coordinator's pending answers are mapping settings: carry forward read as an AS result 44ms
C6	RED	a new student's line faces the school-fee gate (re-run on the new base)	Tests  1 failed | 54 passed (55)	× F7: the day-one import > lines in a session, on the offers and items the sheet names, priced from the fee grids (the admin's) > the school-fee gate is the session's own: a new family owes the year's
C9	RED	two children under one email hold their family (re-run on the new base)	Tests  2 failed | 53 passed (55)	× F7: the day-one import > a sheet with the spike's known problems, staged with every problem flagged > IS-06 identity: a missing email, two children under one email, a duplicate family, one email for
C11	RED	the family's rows re-read under the lock (re-run on the new base)	Tests  1 failed | 54 passed (55)	× F7: the day-one import > a commit left behind is taken over after 15 minutes, and the one taken over never undoes the new holder > the re-read under the lock: a family the other commit made while th
C25	RED	a new link to an existing account waits for staff (re-run on the new base)	Tests  2 failed | 53 passed (55)	× F7: the day-one import > a sheet with the spike's known problems, staged with every problem flagged > IS-06 identity: a missing email, two children under one email, a duplicate family, one email for
done
