ts	phase	decision	why	evidence	result
2026-10-07T15:39:05Z	decision	the owner relayed the admin's meeting (priority: subject reservations and fees paid; the current admin side 'very hard to use, counter intuitive and not usable'; eleven points; 'do not fix, redo'; 'plan first') and accepted the four-phase plan: freeze the six in-flight agents, digest every form and PDF into SCHOOL_FORMS.md with a gap map and questions, design the rework after the owner confirms the reading, build in her priority order, regenerate the walkthrough. Answers: freeze agreed; the admin unavailable until shown the work; work with the forms we have; no WhatsApp Business account, postpone; take your time	the admin is the user who decides adoption; the forms are the school's real process	FEATURES_PLAN.md s0c; the owner's two messages of 7 Oct in the session log (time from memory file admin-meeting-reservations-first.md, written right after the owner's answers)	plan reset
2026-10-07T15:45:56Z	digest	the two registration-links PDFs yielded 43 Google Form links (June 2027: 25; November 2026/January 2027: 18), by regex over the PDFs' raw and inflated streams	the links sheet is the cycle's definition and the only index of the forms	.audit/school-forms-evidence/form-urls-43.txt, extract-urls.py (time from mtime of /tmp/forms/all-urls.txt)	43 form links
2026-10-07T15:46:57Z	digest	the 43 public form pages fetched; 20 forms' definitions parsed from FB_PUBLIC_LOAD_DATA_ (16 June 2027, 4 November 2026/January 2027); 23 redirect to /closedform and give only their title	ground truth for the register	.audit/school-forms-evidence/forms-open-20.txt, fetch-forms.py, closed-titles.py (time from mtime of /tmp/forms/out/_all.txt)	20 forms read, 23 closed
2026-10-07T15:59:00Z	digest	the 25 files in the Drive folder are the forms themselves: the Drive connector cannot read them (unsupported mime type; metadata and download not implemented); each form's /preview page carries the definition even when closed, so the 9 closed June forms were read through the t3 preview browser (same-origin fetch of the nine preview pages in one evaluate). All 25 June 2027 forms are now read; the 14 closed November forms are not in the folder and stay titles only	the owner said to work with what we have; the June set is complete	.audit/school-forms-evidence/forms-closed-june-9.txt; the folder listing in the session log (time from mtime of /tmp/forms/out/_closed_june.txt)	9 closed June forms read
2026-10-07T15:59:41Z	digest	the eight PDFs text-extracted with pdftotext -layout (424 lines): Cambridge June 2026 fees per syllabus and option code; Edexcel June 2026, January 2026 and November 2026 fees per unit; Edexcel November 2026 IGCSE; Cambridge enquiry-about-results June 2026; the two links sheets	the fee lists decide the fee model (per unit or option, per series)	.audit/school-forms-evidence/pdfs-8.txt (time from mtime of /tmp/forms/pdf/*.txt)	8 PDFs extracted
2026-10-07T16:13:00Z	digest	SCHOOL_FORMS.md written: the process (s1), every form and option (s2: 17 O.L. and 8 A.S./A.L. June forms, the 4 readable November forms, the vocabulary), the fee lists (s3), a 30-row gap map (s4: 7 fit, 12 partial, 4 contradict, 6 missing, one observation), the eleven points mapped (s5), DISCOVERY.md updated (s1b facts; A-01 questioned, A-02 partly refuted, A-03 refined, A-06 refuted, Q-02 answered (b), F-02 half obtained, F-03 obtained; A-15, A-16, Q-10 to Q-18 added), FEATURES_PLAN.md s0c (the direction and the plan reset). No teacher names in the repo; dumps and scripts in the ignored .audit/school-forms-evidence/	Phase 1's deliverable: the owner confirms the reading before any design	SCHOOL_FORMS.md, DISCOVERY.md, FEATURES_PLAN.md on branch digest/school-forms	register written
2026-10-07T16:46:00Z	decision	the owner confirmed the reading of SCHOOL_FORMS.md ('let's do it') with no default in s7 changed; Phase 2 begins: RESERVATIONS_REWORK.md, the lead's design, then an Opus 5.5 review, then the owner's review	the agreed gate before any design	the owner's message of 7 Oct in the session log; SCHOOL_FORMS.md s7 defaults stand	reading confirmed; Phase 2 starts
2026-10-07T16:46:41Z	ci	digest/school-forms 1fb70c6 CI run 37650444055 green (started 16:14:16Z); main fast-forwarded 20d87c8..1fb70c6	docs and trail only; the three gates ran in CI	https://github.com/MohamedElnaggar1223/subject-reservation-system/actions/runs/37650444055	green; main fast-forwarded
2026-10-07T16:56:38Z	design	Phase 2 design written: one session per cycle (june / winter) with levels per subject, the links sheet as the session screen (offers with teachers, items per paper or route, availability, fees), board series attached automatically and never assembled, board fees per unit or option per series, a pricing function over policies, reservation lines per item with entry kind and carried-from series, consent rows, charges for services and pushed school fees, an exceptions registry over every policy, messages with audiences and a delivery log, reminder rules; the money core untouched; migration, tests, build order (agents A, B, C, D), contracts, step counts (s15 pending the survey), decisions. Opus 5.5 review launched; the survey of today's screens running; the prototype next	Phase 2 of the plan the owner accepted on 7 Oct	RESERVATIONS_REWORK.md on digest/school-forms	RESERVATIONS_REWORK.md written
